video_id,title,rating,views,publish_date,intersectional_black_female,year
41256,Gorgeous babe taking a bath 1,86.7,89592,2010-12-07 13:29:55,0,2010
39377371,"First date, first risky public fuck in an old castle",76.1,69011,2021-04-06 15:22:44,0,2021
103841201,"Threesome with Dahlia, Jacky and Trinity!",91.7,2588,2024-03-12 06:15:33,0,2024
1816905,Super cute teen gets fucked,79.3,22870,2016-11-19 11:08:43,0,2016
11435211,Christina Skye Fucks Big Black Cock In Front Of Her Son,80.0,4884,2018-10-26 10:22:21,0,2018
190967891,2023 reprise + scenes Unpublished,100.0,26902,2025-02-24 15:10:19,0,2025
1309651,BBW Jessica Masturbating Her Twat,80.5,92488,2015-09-29 19:22:03,0,2015
42858081,SEXY ROOMMATE LOVES MORNING SEX - EmiliaBunny,89.6,18643,2022-11-27 15:05:30,0,2022
192951881,(CUM ON YOUR FACE) FOR MORE GREAT CUMSHOTS  SUBSCRIBE TO MY ONLY FANS @WOODMOANING,0.0,13,2025-07-24 14:48:10,0,2025
41247461,Gape Fart Perversion! Sexy Red Head Pepper Heart Loves Anal!,83.1,21179,2022-03-24 06:50:25,0,2022
