Tag,Videos With Tag,Percentage
hd,494276,92.34730100366941
verified amateurs,256943,48.00555269077566
blowjob,230756,43.112944570245645
amateur,218187,40.764634665829654
big tits,183637,34.309538222391616
brunette,163322,30.51401624703869
big ass,158349,29.584893392821108
18 25,139187,26.00479041021157
masturbation,132460,24.74796164682495
big dick,123861,23.141380624621664
blonde,121987,22.79125469886181
cumshot,121252,22.653932097243086
pov,107535,20.091137367441654
milf,106818,19.95717776831155
vaginal sex,97133,18.14769559596141
big cock,91587,17.1115171625227
natural tits,83125,15.530532325927254
caucasian,74579,13.933853477718241
toys,72654,13.574199044907292
big boobs,72518,13.54878969277104
