Group,AdjustedRate,Gap_vs_Priv,threshold
Asian Women,1.0,0.0,0.0
Black Women,1.0,0.0,0.0
Latina Women,1.0,0.0,0.0
Other,1.0,0.0,0.0
White Women,1.0,0.0,0.0
Asian Women,0.9855215531424811,-0.013609486134543491,0.005
Black Women,1.0,0.000868960722975376,0.005
Latina Women,0.9992892679459844,0.00015822866895975896,0.005
Other,0.9909266325557193,-0.00820440672130529,0.005
White Women,0.9991310392770246,0.0,0.005
Asian Women,0.9759789404409345,-0.02158796953473463,0.01
Black Women,1.0,0.0024330900243308973,0.01
Latina Women,0.9992892679459844,0.0017223579703152803,0.01
Other,0.9851487295117509,-0.012418180463918183,0.01
White Women,0.9975669099756691,0.0,0.01
Asian Women,0.9611714379730174,-0.03326721339994054,0.015
Black Women,0.9993736298152208,0.004934978442262872,0.015
Latina Women,0.9989339019189766,0.004495250546018625,0.015
Other,0.9758368745121846,-0.018601776860773356,0.015
White Women,0.994438651372958,0.0,0.015
Asian Women,0.9509707140506746,-0.03877554941821659,0.02
Black Women,0.9981208894456624,0.008374625976771188,0.02
Latina Women,0.998223169864961,0.008476906396069794,0.02
Other,0.9686388864799237,-0.021107376988967474,0.02
White Women,0.9897462634688912,0.0,0.02
Asian Women,0.9417571569595261,-0.04068983643637236,0.025
Black Women,0.995302223614156,0.012855230218257518,0.025
Latina Women,0.9971570717839374,0.01471007838803895,0.025
Other,0.9565844245945712,-0.025862568801327313,0.025
White Women,0.9824469933958985,0.0,0.025
Asian Women,0.9348469891411648,-0.03630351485605454,0.03
Black Women,0.9915440025054807,0.020393498508261332,0.03
Latina Women,0.9950248756218906,0.02387437162467121,0.03
Other,0.9475977798976671,-0.023552724099552225,0.03
White Women,0.9711505039972194,0.0,0.03
Asian Women,0.9249753208292202,-0.030186305865253282,0.035
Black Women,0.9862198559348575,0.03105822924038404,0.035
Latina Women,0.9936034115138592,0.03844178481938576,0.035
Other,0.9319551643396062,-0.02320646235486723,0.035
White Women,0.9551616266944735,0.0,0.035
Asian Women,0.9157617637380717,-0.025322699244201496,0.04
Black Women,0.9796429689946758,0.03855850601240263,0.04
Latina Women,0.9932480454868514,0.0521635825045782,0.04
Other,0.9201717110398058,-0.020912751942467445,0.04
White Women,0.9410844629822732,0.0,0.04
Asian Women,0.9072063178677197,-0.013196879907740877,0.045
Black Women,0.9711869715001565,0.050783773724696,0.045
Latina Women,0.9889836531627576,0.06858045538729707,0.045
Other,0.901136067990634,-0.019267129784826587,0.045
White Women,0.9204031977754605,0.0,0.045
Asian Women,0.8983218163869694,-0.004354582639794602,0.05
Black Women,0.9633573441904165,0.06068094516365252,0.05
Latina Women,0.988272921108742,0.08559652208197799,0.05
Other,0.887260428410372,-0.015415970616391994,0.05
White Women,0.902676399026764,0.0,0.05
Asian Women,0.8887792036854228,0.009738536323587565,0.055
Black Women,0.951143125587222,0.07210245822538675,0.055
Latina Women,0.9829424307036247,0.10390176334178947,0.055
Other,0.8656773046570115,-0.013363362704823745,0.055
White Women,0.8790406673618353,0.0,0.055
Asian Women,0.8789075353734781,0.019505380350885115,0.06
Black Women,0.9414343877231444,0.08203223270055138,0.06
Latina Women,0.9772565742714996,0.1178544192489066,0.06
Other,0.8506634290174313,-0.008738726005161679,0.06
White Women,0.859402155022593,0.0,0.06
Asian Women,0.8647581441263573,0.035943406552495616,0.065
Black Women,0.9289069840275603,0.10009224645369863,0.065
Latina Women,0.9740582800284293,0.1452435424545676,0.065
Other,0.8282889601942589,-0.0005257773796027987,0.065
White Women,0.8288147375738617,0.0,0.065
Asian Women,0.8558736426456071,0.044090535242061746,0.07
Black Women,0.918885061071093,0.10710195366754771,0.07
Latina Women,0.9680170575692963,0.15623395016575103,0.07
Other,0.8127981094441072,0.0010150020405619298,0.07
White Women,0.8117831074035453,0.0,0.07
Asian Women,0.843040473840079,0.0639302896204057,0.075
Black Women,0.8985280300657689,0.1194178458460956,0.075
Latina Women,0.9601990049751243,0.18108882075545107,0.075
Other,0.7900442286011621,0.010934044381488817,0.075
White Women,0.7791101842196733,0.0,0.075
Asian Women,0.8358012504113195,0.07598199424169838,0.08
Black Women,0.886626996554964,0.12680774038534293,0.08
Latina Women,0.9530916844349681,0.19327242826534696,0.08
Other,0.7751495967392247,0.015330340569603584,0.08
White Women,0.7598192561696211,0.0,0.08
Asian Women,0.8232971372161896,0.09649838851963066,0.085
Black Women,0.868462261196367,0.14166351249980813,0.085
Latina Women,0.9381663113006397,0.21136756260408074,0.085
Other,0.753132859248981,0.026334110552422074,0.085
White Women,0.7267987486965589,0.0,0.085
Asian Women,0.8173741362290227,0.1133421584744172,0.09
Black Women,0.8553084873160037,0.15127650956139826,0.09
Latina Women,0.9285714285714286,0.22453945081682314,0.09
Other,0.7386176394068165,0.034585661652211,0.09
White Women,0.7040319777546055,0.0,0.09
Asian Women,0.8025666337611056,0.12495106198494987,0.095
Black Women,0.8368305668650172,0.1592149950888615,0.095
Latina Women,0.916133617626155,0.23851804584999925,0.095
Other,0.7178367010666898,0.04022112929053412,0.095
White Women,0.6776155717761557,0.0,0.095
Asian Women,0.793024021059559,0.13400420875507524,0.1
Black Women,0.8264954588161604,0.16747564651167657,0.1
Latina Women,0.9076048329779673,0.24858502067348354,0.1
Other,0.7042320700719799,0.045212257767496045,0.1
White Women,0.6590198123044838,0.0,0.1
Asian Women,0.7775584073708457,0.14669292249076227,0.105
Black Women,0.807077983088005,0.17621249820792162,0.105
Latina Women,0.8916133617626155,0.2607478768825321,0.105
Other,0.6849362587806782,0.05407077390059478,0.105
White Women,0.6308654848800834,0.0,0.105
Asian Women,0.7680157946692991,0.1553984849716975,0.11
Black Women,0.7948637644848106,0.1822464547872089,0.11
Latina Women,0.8830845771144279,0.27046726741682625,0.11
Other,0.6726649900268841,0.06004768032928243,0.11
White Women,0.6126173096976016,0.0,0.11
Asian Women,0.7548535702533729,0.16256994147339365,0.115
Black Women,0.7773253993109928,0.18504177053101356,0.115
Latina Women,0.8692253020611229,0.2769416732811437,0.115
Other,0.6547784233804527,0.06249479460047347,0.115
White Women,0.5922836287799792,0.0,0.115
Asian Women,0.7423494570582428,0.16449057627965402,0.12
Black Women,0.7654243658001879,0.1875654850215991,0.12
Latina Women,0.8606965174129353,0.28283763663434647,0.12
Other,0.6434611048478016,0.06560222406921279,0.12
White Women,0.5778588807785888,0.0,0.12
Asian Women,0.7265547877591313,0.1698985486211403,0.125
Black Women,0.7500782962730974,0.1934220571351064,0.125
Latina Women,0.8489694385216773,0.2923131993836863,0.125
Other,0.6268862197554419,0.0702299806174509,0.125
White Women,0.556656239137991,0.0,0.125
Asian Women,0.7156959526159921,0.17224791646722604,0.13
Black Women,0.7413091136861886,0.19786107753742255,0.13
Latina Women,0.8429282160625444,0.2994801799137784,0.13
Other,0.6165120111005117,0.07306397495174566,0.13
White Women,0.543448036148766,0.0,0.13
Asian Women,0.7012175057584732,0.17723418980435435,0.135
Black Women,0.722831193235202,0.1988478772810831,0.135
Latina Women,0.8326226012793176,0.3086392853251988,0.135
Other,0.6021051946925678,0.078121878738449,0.135
White Women,0.5239833159541188,0.0,0.135
Asian Women,0.6939782823297137,0.1805962871958937,0.14
Black Women,0.7124960851863451,0.19911409005252512,0.14
Latina Women,0.8265813788201848,0.3131993836863648,0.14
Other,0.5933028358338392,0.07992084070001926,0.14
White Women,0.51338199513382,0.0,0.14
Asian Women,0.6788417242513984,0.18057964569734908,0.145
Black Women,0.6980895709364234,0.19982749238237407,0.145
Latina Women,0.8176972281449894,0.31943514959094,0.145
Other,0.5803052640707658,0.08204318551671641,0.145
White Women,0.49826207855404936,0.0,0.145
Asian Women,0.6725896676538335,0.18266961204034726,0.15
Black Women,0.6852489821484498,0.19532892653496348,0.15
Latina Women,0.8098791755508173,0.31995911993733106,0.15
Other,0.5723484519989593,0.08242839638547306,0.15
White Women,0.4899200556134863,0.0,0.15
Asian Women,0.6643632773938796,0.1869562561912379,0.155
Black Women,0.6758534293767616,0.19844640817411996,0.155
Latina Women,0.7953091684434968,0.3179021472408551,0.155
Other,0.5605866793860029,0.08317965818336126,0.155
White Women,0.47740702120264167,0.0,0.155
Asian Women,0.6551497203027311,0.18625851418524764,0.16
Black Women,0.6683369871594113,0.19944578104192778,0.16
Latina Women,0.7857142857142857,0.3168230795968022,0.16
Other,0.5533019686063655,0.08441076248888202,0.16
White Women,0.46889120611748347,0.0,0.16
Asian Women,0.6433037183283975,0.18675175447716358,0.165
Black Women,0.6564359536486063,0.19988398979737237,0.165
Latina Women,0.775408670931059,0.3188567070798251,0.165
Other,0.5432096088804094,0.08665764502917545,0.165
White Women,0.4565519638512339,0.0,0.165
Asian Women,0.6344192168476472,0.1837761859126455,0.17
Black Women,0.6492326965236455,0.19858966558864372,0.17
Latina Women,0.7658137882018479,0.3151707572668461,0.17
Other,0.5365319573324083,0.08588892639740658,0.17
White Women,0.45064303093500174,0.0,0.17
Asian Women,0.6242184929253044,0.18174369278627067,0.175
Black Women,0.6367052928280614,0.1942304926890277,0.175
Latina Women,0.7523098791755508,0.3098350790365171,0.175
Other,0.5277295984736796,0.08525479833464589,0.175
White Women,0.44247480013903373,0.0,0.175
Asian Women,0.6163211582757486,0.1806242517759224,0.18
Black Women,0.6279361102411525,0.19223920374132625,0.18
Latina Women,0.7409381663113006,0.3052412598114744,0.18
Other,0.5220058971468217,0.08630899064699543,0.18
White Women,0.43569690649982623,0.0,0.18
Asian Women,0.6110562685093781,0.18248483993794956,0.185
Black Women,0.6179141872846853,0.18934275871325673,0.185
Latina Women,0.7313432835820896,0.302771855010661,0.185
Other,0.5142550516000347,0.08568362302860616,0.185
White Women,0.42857142857142855,0.0,0.185
Asian Women,0.6048042119118131,0.18075137909985622,0.19
Black Women,0.6097713748825556,0.18571854207059874,0.19
Latina Women,0.7224591329068941,0.29840630009493724,0.19
Other,0.5086289133639754,0.08457608055201854,0.19
White Women,0.4240528328119569,0.0,0.19
Asian Women,0.5923000987166831,0.17328723809798308,0.195
Black Women,0.5975571562793611,0.1785442956606611,0.195
Latina Women,0.7107320540156361,0.2917191933969361,0.195
Other,0.5015176480790912,0.08250478746039114,0.195
White Women,0.4190128606187,0.0,0.195
Asian Women,0.581441263573544,0.16642562228053043,0.2
Black Women,0.5922330097087378,0.17721736841572427,0.2
Latina Women,0.7043354655294953,0.2893198242364818,0.2
Other,0.49672621628653196,0.08171057499351841,0.2
White Women,0.41501564129301355,0.0,0.2
Asian Women,0.571240539651201,0.1624814155636098,0.205
Black Women,0.5844033823989978,0.17564425831140656,0.205
Latina Women,0.693319118692253,0.2845599946046618,0.205
Other,0.4893656231029399,0.08060649901534866,0.205
White Women,0.40875912408759124,0.0,0.205
Asian Women,0.5643303718328397,0.15922088278174484,0.21
Black Women,0.5781396805512058,0.1730301915001109,0.21
Latina Women,0.6879886282871357,0.2828791392360408,0.21
Other,0.48496444367357555,0.07985495462248066,0.21
White Women,0.4051094890510949,0.0,0.21
Asian Women,0.5521553142481079,0.1520857973902699,0.215
Black Women,0.5659254619480113,0.16585594509017326,0.215
Latina Women,0.6769722814498934,0.2769027645920554,0.215
Other,0.47870956551903565,0.07864004866119761,0.215
White Women,0.40006951685783804,0.0,0.215
Asian Women,0.5472194800921356,0.1499306375478186,0.22
Black Women,0.5580958346382712,0.16080699209395416,0.22
Latina Women,0.6702203269367448,0.2729314843924278,0.22
Other,0.474807041887087,0.07751819934276999,0.22
White Women,0.397288842544317,0.0,0.22
Asian Women,0.5373478117801909,0.14405618856156033,0.225
Black Women,0.5461948011274663,0.15290317790883579,0.225
Latina Women,0.6613361762615494,0.26804455304291885,0.225
Other,0.4682919954904171,0.07500037227178658,0.225
White Women,0.39329162321863054,0.0,0.225
Asian Women,0.5317538664034221,0.14159050178750276,0.23
Black Women,0.5399310992796743,0.14976773466375493,0.23
Latina Women,0.6577825159914712,0.2676191513755518,0.23
Other,0.4642485473939814,0.07408518277806203,0.23
White Women,0.3901633646159194,0.0,0.23
Asian Women,0.5225403093122738,0.13672174831123107,0.235
Black Women,0.5336673974318823,0.14784883643083957,0.235
Latina Women,0.6496090973702914,0.26379053636924865,0.235
Other,0.4584056022894805,0.07258704128843779,0.235
White Women,0.3858185610010427,0.0,0.235
Asian Women,0.5176044751563014,0.13578313348094512,0.24
Black Women,0.5270905104917006,0.14526916881634439,0.24
Latina Women,0.6442786069651741,0.2624572652898179,0.24
Other,0.45484996964703844,0.07302862797168219,0.24
White Women,0.38182134167535625,0.0,0.24
Asian Women,0.506087528792366,0.12704686143053073,0.245
Black Women,0.5198872533667397,0.14084658600490446,0.245
Latina Women,0.6353944562899787,0.2563537889281435,0.245
Other,0.44924551209782326,0.07020484473598804,0.245
White Women,0.3790406673618352,0.0,0.245
Asian Women,0.500164527805199,0.12338315832309965,0.25
Black Women,0.5145631067961165,0.1377817373140171,0.25
Latina Women,0.6289978678038379,0.25221649832173854,0.25
Other,0.44585248460671234,0.06907111512461295,0.25
White Women,0.3767813694820994,0.0,0.25
Asian Women,0.49424152681803224,0.12041462379404894,0.255
Black Women,0.5076730347635453,0.133846131739562,0.255
Latina Women,0.6194029850746269,0.24557608205064357,0.255
Other,0.44042147255225045,0.06659456952826714,0.255
White Women,0.3738269030239833,0.0,0.255
Asian Women,0.4876604146100691,0.11696177018879694,0.26
Black Women,0.5010961478233636,0.1303975034020915,0.26
Latina Women,0.6133617626154939,0.24266311819422176,0.26
Other,0.43676827681900965,0.0660696323977375,0.26
White Women,0.37069864442127215,0.0,0.26
Asian Women,0.4794340243501152,0.11151605424236405,0.265
Black Women,0.49076103977450675,0.12284306966675562,0.265
Latina Women,0.6048329779673063,0.23691500785955516,0.265
Other,0.431369785794814,0.06345181568706287,0.265
White Women,0.3679179701077511,0.0,0.265
Asian Women,0.47318196775255017,0.10700191909074969,0.27
Black Women,0.4854368932038835,0.11925684454208302,0.27
Latina Women,0.6002132196162047,0.23403317095440418,0.27
Other,0.42782499349579395,0.061644944833993465,0.27
White Women,0.3661800486618005,0.0,0.27
Asian Women,0.4642974662717999,0.10002913120054513,0.275
Black Women,0.4751017851550266,0.11083345008377182,0.275
Latina Women,0.5909737029140014,0.22670536784274664,0.275
Other,0.4226324689966178,0.05836413392536305,0.275
White Women,0.3642683350712548,0.0,0.275
Asian Women,0.45969068772622573,0.09750785839011172,0.28
Black Women,0.47103037895396177,0.10884754961784776,0.28
Latina Women,0.5849324804548686,0.22274965111875455,0.28
Other,0.419120197727864,0.05693736839175001,0.28
White Women,0.362182829336114,0.0,0.28
Asian Women,0.45113524185587367,0.09294963184544613,0.285
Black Women,0.46695897275289694,0.1087733627424694,0.285
Latina Women,0.576048329779673,0.21786271976924548,0.285
Other,0.4140360766629087,0.05585046665248117,0.285
White Women,0.35818561001042754,0.0,0.285
Asian Women,0.44554129647910495,0.08909360791462806,0.29
Black Women,0.4613216410898841,0.10487395252540721,0.29
Latina Women,0.5707178393745558,0.21427015081007889,0.29
Other,0.4105780071112653,0.0541303185467884,0.29
White Women,0.3564476885644769,0.0,0.29
Asian Women,0.4359986837775584,0.08424338311714824,0.295
Black Women,0.45411838396492327,0.1023630833045131,0.295
Latina Women,0.5611229566453447,0.20936765598493456,0.295
Other,0.40554808776342033,0.053792787103010165,0.295
White Women,0.35175530066041016,0.0,0.295
Asian Women,0.43139190523198423,0.08067935743914445,0.3
Black Women,0.44848105230191043,0.09776850450907065,0.3
Latina Women,0.5543710021321961,0.20365845433935637,0.3
Other,0.4022634637065302,0.05155091591369043,0.3
White Women,0.3507125477928398,0.0,0.3
Asian Women,0.42546890424481737,0.07736323862090355,0.305
Black Women,0.43877231443783277,0.09066664881391895,0.305
Latina Women,0.5472636815920398,0.19915801596812593,0.305
Other,0.3974178301968606,0.04931216457294679,0.305
White Women,0.3481056656239138,0.0,0.305
Asian Women,0.4175715695952616,0.07137761756189348,0.31
Black Women,0.43313498277481993,0.08694103074145182,0.31
Latina Women,0.5401563610518835,0.19396240901851536,0.31
Other,0.3941874078570809,0.04799345582371278,0.31
White Women,0.3461939520333681,0.0,0.31
Asian Women,0.4113195129976966,0.06721106669946925,0.315
Black Women,0.42687128092702786,0.08276283462880052,0.315
Latina Women,0.5259417199715707,0.18183327367334334,0.315
Other,0.38922253056976847,0.04511408427154112,0.315
White Women,0.34410844629822734,0.0,0.315
Asian Women,0.4053965120105298,0.06319977930284815,0.32
Black Women,0.42279987472596303,0.08060314201828139,0.32
Latina Women,0.5184790334044065,0.17628230069672485,0.32
Other,0.385753620674703,0.04355688796702134,0.32
White Women,0.34219673270768164,0.0,0.32
Asian Women,0.40013162224415927,0.060020395271618454,0.325
Black Women,0.419668023802067,0.07955679682952621,0.325
Latina Women,0.5088841506751954,0.16877292370265462,0.325
Other,0.38056109617552686,0.040449869202986044,0.325
White Women,0.3401112269725408,0.0,0.325
Asian Women,0.39585389930898324,0.05678542520401281,0.33
Black Women,0.4140306921390542,0.07496221803408376,0.33
Latina Women,0.5053304904051172,0.1662620163001468,0.33
Other,0.3772439510883705,0.03817547698340007,0.33
White Women,0.33906847410497043,0.0,0.33
Asian Women,0.38861467588022375,0.05145791536579902,0.335
Black Women,0.40588787973692453,0.0687311192224998,0.335
Latina Women,0.4943141435678749,0.15715738305345017,0.335
Other,0.37204058624577224,0.03488382573134752,0.335
White Women,0.3371567605144247,0.0,0.335
Asian Women,0.3830207305034551,0.04829706001336126,0.34
Black Women,0.3999373629815221,0.06521369249142828,0.34
Latina Women,0.48471926083866385,0.14999559034857002,0.34
Other,0.3689510883704796,0.034227417880385747,0.34
White Women,0.3347236704900938,0.0,0.34
Asian Women,0.37150378413951957,0.039560787962946764,0.345
Black Women,0.39367366113373004,0.06173066495715723,0.345
Latina Women,0.47299218194740583,0.14104918577083303,0.345
Other,0.3637477235278814,0.03180472735130857,0.345
White Women,0.3319429961765728,0.0,0.345
Asian Women,0.3616321158275749,0.03264358610911816,0.35
Black Women,0.38459129345443155,0.055602763735974836,0.35
Latina Women,0.4623312011371713,0.1333426714187146,0.35
Other,0.3586744428063481,0.02968591308789137,0.35
White Women,0.3289885297184567,0.0,0.35
Asian Women,0.355709114840408,0.028110922278711814,0.355
Black Women,0.3755089257751331,0.04791073321343692,0.355
Latina Women,0.4541577825159915,0.12655958995429528,0.355
Other,0.35482612089150983,0.027227928329813633,0.355
White Women,0.3275981925616962,0.0,0.355
Asian Women,0.351431391905232,0.02504974435570123,0.36
Black Women,0.3711243344816787,0.044742686932147946,0.36
Latina Women,0.44811656005685857,0.12173491250732782,0.36
Other,0.35147645477408723,0.02509480722455648,0.36
White Women,0.32638164754953075,0.0,0.36
Asian Women,0.3445212240868707,0.020398874417075774,0.365
Black Women,0.3620419668023802,0.03791961713258529,0.365
Latina Women,0.44136460554371004,0.11724225587391512,0.365
Other,0.34648989679993064,0.022367547130135723,0.365
White Women,0.3241223496697949,0.0,0.365
Asian Women,0.3395853899308983,0.01720096170705404,0.37
Black Women,0.35703100532414656,0.03464657710030228,0.37
Latina Women,0.43354655294953803,0.11116212472569376,0.37
Other,0.3433028358338392,0.020918407609994916,0.37
White Women,0.3223844282238443,0.0,0.37
Asian Women,0.3323461665021389,0.012916204736410697,0.375
Black Women,0.3504541183839649,0.03102415661823671,0.375
Latina Women,0.4232409381663113,0.10381097640058312,0.375
Other,0.3383813199202151,0.018951358154486897,0.375
White Women,0.3194299617657282,0.0,0.375
Asian Women,0.3290556103981573,0.012406322945950121,0.38
Black Women,0.34356404635139365,0.026914758899186486,0.38
Latina Women,0.4154228855721393,0.09877359811993214,0.38
Other,0.3349557713988379,0.01830648394663076,0.38
White Women,0.31664928745220716,0.0,0.38
Asian Women,0.32181638696939785,0.007252605252331457,0.385
Black Women,0.3347948637644848,0.020231082047418414,0.385
Latina Women,0.4036958066808813,0.0891320249638149,0.385
Other,0.3295355996877981,0.014971817970731716,0.385
White Women,0.3145637817170664,0.0,0.385
Asian Women,0.3181967752550181,0.005892291417687545,0.39
Black Women,0.329157532101472,0.016853048264141413,0.39
Latina Women,0.39623312011371714,0.08392863627638658,0.39
Other,0.32588240395455725,0.013577920117226694,0.39
White Women,0.31230448383733056,0.0,0.39
Asian Women,0.31161566304705496,0.004524943547576321,0.395
Black Women,0.3210147196993423,0.013924000199863673,0.395
Latina Women,0.3855721393034826,0.07848141980400397,0.395
Other,0.32049475327378374,0.013404033774305102,0.395
White Women,0.30709071949947864,0.0,0.395
Asian Women,0.3073379401118789,0.003201687070516379,0.4
Black Women,0.3150642029439399,0.010927949902577339,0.4
Latina Women,0.3777540867093106,0.07361783366794805,0.4
Other,0.3168740785708091,0.012737825529446578,0.4
White Women,0.30413625304136255,0.0,0.4
Asian Women,0.2977953274103323,-0.002169914160748687,0.405
Black Women,0.30817413091136864,0.008208889340287628,0.405
Latina Women,0.36886993603411516,0.06890469446303416,0.405
Other,0.31100945277946407,0.011044211208383059,0.405
White Women,0.299965241571081,0.0,0.405
Asian Women,0.2935176044751563,-0.0019290413364529968,0.41
Black Women,0.30097087378640774,0.005524227974798457,0.41
Latina Women,0.35927505330490406,0.06382840749329477,0.41
Other,0.30554591969473593,0.010099273883126647,0.41
White Women,0.2954466458116093,0.0,0.41
Asian Women,0.2912142152023692,-0.0011041720065289584,0.415
Black Women,0.2953335421233949,0.003015154914496776,0.415
Latina Women,0.35358919687277895,0.06127080966388082,0.415
Other,0.30171927846674185,0.009400891257843713,0.415
White Women,0.29231838720889813,0.0,0.415
Asian Women,0.2856202698256005,-0.0035698587805864657,0.42
Black Women,0.2909489508299405,0.001758822223753509,0.42
Latina Women,0.3482587064676617,0.059068577861474736,0.42
Other,0.29799020032954643,0.008800071723359448,0.42
White Women,0.289190128606187,0.0,0.42
Asian Women,0.27903915761763737,-0.006153751662863138,0.425
Black Women,0.2815533980582524,-0.003639511222248093,0.425
Latina Women,0.3393745557924662,0.05418164651196572,0.425
Other,0.2921797762553118,0.006986866974811268,0.425
White Women,0.2851929092805005,0.0,0.425
Asian Women,0.2750904902928595,-0.008016913252500257,0.43
Black Women,0.27622925148762917,-0.006878152057730569,0.43
Latina Women,0.3315565031982942,0.04844909965293448,0.43
Other,0.2882880929667852,0.005180689421425466,0.43
White Women,0.28310740354535974,0.0,0.43
Asian Women,0.26850937808489633,-0.009905637556396674,0.435
Black Women,0.2662073285311619,-0.012207687110131094,0.435
Latina Women,0.31982942430703626,0.04141440866574325,0.435
Other,0.282542710953083,0.0041276953117899695,0.435
White Women,0.278415015641293,0.0,0.435
Asian Women,0.263573543928924,-0.012408381688038095,0.44
Black Women,0.2618227372377075,-0.014159188379254617,0.44
Latina Women,0.3148542999289268,0.038872374311964664,0.44
Other,0.27867270835140057,0.002690782734438457,0.44
White Women,0.2759819256169621,0.0,0.44
Asian Women,0.25567620927936824,-0.015265744144337012,0.445
Black Women,0.25587222048230507,-0.015069732941400182,0.445
Latina Women,0.30632551528073915,0.035383561857033896,0.445
Other,0.2731116121758737,0.0021696587521684574,0.445
White Women,0.27094195342370525,0.0,0.445
Asian Women,0.2527147087857848,-0.015620362468994509,0.45
Black Women,0.2505480739116818,-0.017786997343097466,0.45
Latina Women,0.3009950248756219,0.03265995362084262,0.45
Other,0.26915488682681465,0.000819815572035365,0.45
White Women,0.2683350712547793,0.0,0.45
Asian Women,0.2464626521882198,-0.017353823307087818,0.455
Black Women,0.24146570623238334,-0.022350769262924286,0.455
Latina Women,0.2917555081734186,0.027939032678110987,0.455
Other,0.2637672361460411,-4.9239349266538834e-05,0.455
White Women,0.2638164754953076,0.0,0.455
Asian Women,0.24415926291543272,-0.017050330410948944,0.46
Black Women,0.2352020043845913,-0.026007588941790366,0.46
Latina Women,0.283226723525231,0.022017130198849322,0.46
Other,0.26012488075622237,-0.0010847125701592963,0.46
White Women,0.26120959332638166,0.0,0.46
Asian Women,0.23757815070746957,-0.02102456044998613,0.465
Black Women,0.22643282179768243,-0.032169889359773274,0.465
Latina Women,0.27292110874200426,0.014318397584548559,0.465
Other,0.2543903390859422,-0.004212372071513482,0.465
White Women,0.2586027111574557,0.0,0.465
Asian Women,0.23165514972030274,-0.02347171854525168,0.47
Black Women,0.22048230504227997,-0.034644563223274444,0.47
Latina Women,0.2658137882018479,0.010686919936293504,0.47
Other,0.24891596565779203,-0.006210902607762386,0.47
White Women,0.2551268682655544,0.0,0.47
Asian Women,0.22737742678512668,-0.025490143600691906,0.475
Black Women,0.21735045411838397,-0.03551711626743462,0.475
Latina Women,0.2594171997157072,0.006549629329888618,0.475
Other,0.24524108923770704,-0.007626481148111541,0.475
White Women,0.2528675703858186,0.0,0.475
Asian Women,0.22178348140835802,-0.02812962251934445,0.48
Black Women,0.21296586282492955,-0.03694724110277292,0.48
Latina Women,0.255863539445629,0.005950435517926539,0.48
Other,0.24150117075708957,-0.008411933170612895,0.48
White Women,0.24991310392770247,0.0,0.48
Asian Women,0.21717670286278382,-0.028217805305446986,0.485
Black Women,0.20670216097713748,-0.038692347191093324,0.485
Latina Women,0.24662402274342574,0.0012295145751949343,0.485
Other,0.23609183938947187,-0.009302668778758932,0.485
White Women,0.2453945081682308,0.0,0.485
Asian Women,0.21388614675880224,-0.028380102806717405,0.49
Black Women,0.20325712496085185,-0.039009124604667794,0.49
Latina Women,0.24058280028429282,-0.0016834492812268231,0.49
Other,0.23260124880756222,-0.009665000757957426,0.49
White Women,0.24226624956551965,0.0,0.49
Asian Women,0.20697597894044092,-0.029728921998036645,0.495
Black Women,0.19668023802067022,-0.040024662917807347,0.495
Latina Women,0.23312011371712865,-0.0035847872213489174,0.495
Other,0.2272352788136328,-0.009469622124844757,0.495
White Women,0.23670490093847757,0.0,0.495
Asian Women,0.20533070088845015,-0.02772456501353107,0.5
Black Women,0.1938615721891638,-0.03919369371281742,0.5
Latina Women,0.22885572139303484,-0.0041995445089463845,0.5
Other,0.22338695689879456,-0.00966830900318666,0.5
White Women,0.23305526590198122,0.0,0.5
Asian Women,0.20006581112207963,-0.02829706687583486,0.505
Black Women,0.18853742561854056,-0.03982545237937393,0.505
Latina Women,0.2224591329068941,-0.0059037450910204015,0.505
Other,0.21758737316798196,-0.01077550482993253,0.505
White Women,0.2283628779979145,0.0,0.505
Asian Women,0.19545903257650543,-0.029949378963292972,0.51
Black Women,0.18290009395552773,-0.04250831758427068,0.51
Latina Women,0.21890547263681592,-0.00650293890298248,0.51
Other,0.213782412626832,-0.011625998912966395,0.51
White Women,0.2254084115397984,0.0,0.51
Asian Women,0.18920697597894043,-0.03342076124733695,0.515
Black Women,0.17632320701534607,-0.04630453021093131,0.515
Latina Women,0.2107320540156361,-0.011895683210641272,0.515
Other,0.208741652935565,-0.013886084290712392,0.515
White Women,0.22262773722627738,0.0,0.515
Asian Women,0.18591641987495885,-0.0339306430377975,0.52
Black Women,0.17319135609145006,-0.04665570682130629,0.52
Latina Women,0.20717839374555794,-0.012668669167198415,0.52
Other,0.20535946578787617,-0.01448759712488018,0.52
White Women,0.21984706291275635,0.0,0.52
Asian Women,0.17999341888779205,-0.03429229539792222,0.525
Black Women,0.1650485436893204,-0.049237170596393875,0.525
Latina Women,0.19971570717839374,-0.014570007107320537,0.525
Other,0.19968996617812854,-0.014595748107585738,0.525
White Women,0.21428571428571427,0.0,0.525
Asian Women,0.17374136229022705,-0.03863263840494152,0.53
Black Women,0.16066395239586595,-0.05171004829930262,0.53
Latina Women,0.19438521677327647,-0.0179887839218921,0.53
Other,0.1959283670106669,-0.016445633684501665,0.53
White Women,0.21237400069516857,0.0,0.53
Asian Women,0.1681474169134584,-0.04022936445602371,0.535
Black Women,0.1553398058252427,-0.05303697554423939,0.535
Latina Women,0.1869225302061123,-0.021454251163369797,0.535
Other,0.19003122018905558,-0.018345561180426517,0.535
White Women,0.2083767813694821,0.0,0.535
Asian Women,0.16551497203027313,-0.0407763036040682,0.54
Black Women,0.15189476980895708,-0.054396505825384245,0.54
Latina Women,0.18265813788201848,-0.02363313775232284,0.54
Other,0.18632382273870438,-0.01996745289563695,0.54
White Women,0.20629127563434133,0.0,0.54
Asian Women,0.1595919710431063,-0.04235450097635843,0.545
Black Women,0.14531788286877545,-0.056628589150689274,0.545
Latina Women,0.17555081734186212,-0.026395654677602604,0.545
Other,0.18016650767496314,-0.02177996434450158,0.545
White Women,0.20194647201946472,0.0,0.545
Asian Women,0.15432708127673578,-0.045533885007588176,0.55
Black Women,0.14249921703726903,-0.05736174924705492,0.55
Latina Women,0.1695095948827292,-0.030351371401594746,0.55
Other,0.17658919434567688,-0.023271771938647073,0.55
White Women,0.19986096628432395,0.0,0.55
Asian Women,0.14972030273116158,-0.047012404950451225,0.555
Black Women,0.1368618853742562,-0.0598708223073566,0.555
Latina Women,0.1613361762615494,-0.03539653142006341,0.555
Other,0.17127742606885787,-0.025455281612754926,0.555
White Women,0.1967327076816128,0.0,0.555
Asian Women,0.14511352418558737,-0.04901230132709947,0.56
Black Women,0.13279047917319137,-0.06133534633949547,0.56
Latina Women,0.15671641791044777,-0.03740940760223907,0.56
Other,0.16739658312375336,-0.026729242388933483,0.56
White Women,0.19412582551268684,0.0,0.56
Asian Women,0.13886146758802237,-0.05039817787600265,0.565
Black Women,0.1237081114938929,-0.06555153397013212,0.565
Latina Women,0.14925373134328357,-0.04000591412074145,0.565
Other,0.16169456248373948,-0.027565082980285538,0.565
White Women,0.18925964546402502,0.0,0.565
Asian Women,0.13293846660085554,-0.05128120666991262,0.57
Black Women,0.11807077983088005,-0.06614889343988811,0.57
Latina Women,0.14001421464108033,-0.04420545862968783,0.57
Other,0.15655623970167376,-0.027663433569094398,0.57
White Women,0.18421967327076816,0.0,0.57
Asian Women,0.12997696610727213,-0.05163582499457006,0.575
Black Women,0.11587848418415284,-0.06573430691768936,0.575
Latina Women,0.13574982231698648,-0.04586296878485571,0.575
Other,0.1530222877460758,-0.028590503355766406,0.575
White Women,0.1816127911018422,0.0,0.575
Asian Women,0.1270154656136887,-0.052164235463822595,0.58
Black Women,0.11337300344503602,-0.06580669763247528,0.58
Latina Women,0.13148542999289267,-0.04769427108461863,0.58
Other,0.1494666551036337,-0.02971304597387761,0.58
White Women,0.1791797010775113,0.0,0.58
Asian Women,0.12076340901612373,-0.053550112012725776,0.585
Black Women,0.10742248668963357,-0.06689103433921594,0.585
Latina Women,0.1261549395877754,-0.0481585814410741,0.585
Other,0.14436085335183418,-0.02995266767701532,0.585
White Women,0.1743135210288495,0.0,0.585
Asian Women,0.11780190852254031,-0.0535571460481931,0.59
Black Women,0.10460382085812715,-0.06675523371260626,0.59
Latina Women,0.12117981520966596,-0.050179239361067454,0.59
Other,0.1408485820830804,-0.030510472487653012,0.59
White Women,0.17135905457073342,0.0,0.59
Asian Women,0.1125370187561698,-0.055519985067257374,0.595
Black Women,0.10084559974945193,-0.06721140407397524,0.595
Latina Women,0.11513859275053305,-0.05291841107289412,0.595
Other,0.1360571502905212,-0.031999853532905964,0.595
White Women,0.16805700382342717,0.0,0.595
Asian Women,0.1102336294833827,-0.05452132359273826,0.6
Black Women,0.0967741935483871,-0.06798075952773386,0.6
Latina Women,0.11122956645344705,-0.05352538662267391,0.6
Other,0.132761685890209,-0.031993267185911944,0.6
White Women,0.16475495307612095,0.0,0.6
Asian Women,0.1079302402105956,-0.05317507782902901,0.605
Black Women,0.09332915753210147,-0.06777616050752314,0.605
Latina Women,0.10803127221037669,-0.05307404582924792,0.605
Other,0.1276558841384095,-0.0334494339012151,0.605
White Women,0.1611053180396246,0.0,0.605
Asian Women,0.10431062849621586,-0.05418780737448278,0.61
Black Women,0.09019730660820545,-0.0683011292624932,0.61
Latina Women,0.10554371002132196,-0.05295472584937669,0.61
Other,0.12415445321307779,-0.034343982657620856,0.61
White Women,0.15849843587069865,0.0,0.61
Asian Women,0.10069101678183613,-0.05415778405236617,0.615
Black Women,0.08455997494519261,-0.07028882588900968,0.615
Latina Women,0.10021321961620469,-0.05463558121799761,0.615
Other,0.11918957592576533,-0.03565922490843697,0.615
White Women,0.1548488008342023,0.0,0.615
Asian Women,0.09641329384666009,-0.05548104052942612,0.62
Black Women,0.08142812402129658,-0.07046621035478963,0.62
Latina Women,0.09808102345415778,-0.053813310921928426,0.62
Other,0.11565562397016738,-0.036238710405918834,0.62
White Women,0.1518943343760862,0.0,0.62
Asian Women,0.09345179335307667,-0.05253360810677733,0.625
Black Women,0.07829627309740056,-0.06768912836245344,0.625
Latina Women,0.09203980099502487,-0.05394560046482913,0.625
Other,0.11062570462232243,-0.03535969683753157,0.625
White Women,0.145985401459854,0.0,0.625
Asian Women,0.09049029285949325,-0.05288822643143479,0.63
Black Women,0.07516442217350454,-0.0682140971174235,0.63
Latina Women,0.08777540867093106,-0.05560311061999698,0.63
Other,0.10741696296938687,-0.035961556321541174,0.63
White Women,0.14337851929092804,0.0,0.63
Asian Women,0.08456729187232642,-0.05411883951453489,0.635
Black Women,0.07015346069527091,-0.0685326706915904,0.635
Latina Women,0.0806680881307747,-0.058018043256086616,0.635
Other,0.10248460671234065,-0.03620152467452066,0.635
White Women,0.1386861313868613,0.0,0.635
Asian Women,0.08193484698914116,-0.05431819437338925,0.64
Black Women,0.06764797995615408,-0.06860506140637633,0.64
Latina Women,0.07746979388770434,-0.05878324747482608,0.64
Other,0.09940594918047004,-0.03684709218206038,0.64
White Women,0.1362530413625304,0.0,0.64
Asian Women,0.0769990128331688,-0.054387848480699816,0.645
Black Women,0.06295020357031006,-0.06843665774355856,0.645
Latina Women,0.0749822316986496,-0.05640462961521901,0.645
Other,0.09532998005376811,-0.03605688126010051,0.645
White Women,0.13138686131386862,0.0,0.645
Asian Women,0.07436656794998354,-0.05476099548414924,0.65
Black Women,0.060131537738803635,-0.06899602569532914,0.65
Latina Women,0.07356076759061833,-0.055566795843514455,0.65
Other,0.09263073454167028,-0.0364968288924625,0.65
White Women,0.12912756343413279,0.0,0.65
Asian Women,0.07107601184600197,-0.05492329298541966,0.655
Black Women,0.05887879736924522,-0.0671205074621764,0.655
Latina Women,0.0689410092395167,-0.05705829559190494,0.655
Other,0.0882620761425722,-0.037737228688849433,0.655
White Women,0.12599930483142163,0.0,0.655
Asian Women,0.06844356696281671,-0.05512264784427401,0.66
Black Women,0.05825242718446602,-0.0653137876226247,0.66
Latina Women,0.06751954513148543,-0.05604666967560529,0.66
Other,0.08553030960020813,-0.03803590520688259,0.66
White Women,0.12356621480709072,0.0,0.66
Asian Women,0.06581112207963145,-0.05341028911258265,0.665
Black Women,0.0557469464453492,-0.06347446474686491,0.665
Latina Women,0.06361051883439943,-0.055610892357814676,0.665
Other,0.08110744948399966,-0.03811396170821445,0.665
White Women,0.1192214111922141,0.0,0.665
Asian Women,0.06284962158604804,-0.05446007601562036,0.67
Black Women,0.05324146570623239,-0.064068231895436,0.67
Latina Women,0.05970149253731343,-0.05760820506435497,0.67
Other,0.07829980053768103,-0.03900989706398737,0.67
White Women,0.1173096976016684,0.0,0.67
Asian Women,0.05890095426127016,-0.05458531615930683,0.675
Black Women,0.04948324459755716,-0.06400302582301984,0.675
Latina Women,0.054371002132196165,-0.059115268288380825,0.675
Other,0.07426719278466742,-0.039219077635909566,0.675
White Women,0.11348627042057699,0.0,0.675
Asian Women,0.056597564988483055,-0.05549836827533342,0.68
Black Women,0.047604134043219545,-0.06449179922059693,0.68
Latina Women,0.051883439943141436,-0.06021249332067504,0.68
Other,0.07189315757523199,-0.04020277568858449,0.68
White Women,0.11209593326381648,0.0,0.68
Asian Women,0.05231984205330701,-0.055605079740227915,0.685
Black Women,0.04603820858127153,-0.0618867132122634,0.685
Latina Women,0.04797441364605544,-0.05995050814747949,0.685
Other,0.0680556760038158,-0.03986924578971912,0.685
White Women,0.10792492179353493,0.0,0.685
Asian Women,0.05001645278051991,-0.05338987325354335,0.69
Black Women,0.04321954274976511,-0.06018678328429815,0.69
Latina Women,0.04619758351101635,-0.05720874252304691,0.69
Other,0.06430491717977625,-0.039101408854287006,0.69
White Women,0.10340632603406326,0.0,0.69
Asian Women,0.048042119118130965,-0.05275732474700633,0.695
Black Women,0.0413404321954275,-0.0594590116697098,0.695
Latina Women,0.042643923240938165,-0.05815552062419913,0.695
Other,0.06190920128349666,-0.03889024258164064,0.695
White Women,0.1007994438651373,0.0,0.695
Asian Women,0.045409674234945706,-0.05087117387071991,0.7
Black Women,0.038834951456310676,-0.05744589664935494,0.7
Latina Women,0.03873489694385217,-0.05754595116181345,0.7
Other,0.05868961928713902,-0.0375912288185266,0.7
White Women,0.09628084810566562,0.0,0.7
Asian Women,0.04343534057255676,-0.0497172489303977,0.705
Black Women,0.03695584090197307,-0.056196748600981394,0.705
Latina Women,0.03624733475479744,-0.056905254748157025,0.705
Other,0.05667331541063221,-0.03647927409232225,0.705
White Women,0.09315258950295446,0.0,0.705
Asian Women,0.041790062520565975,-0.04927702124724772,0.71
Black Women,0.035703100532414656,-0.05536398323539904,0.71
Latina Women,0.03553660270078181,-0.05553048106703189,0.71
Other,0.05462449050385916,-0.036442593263954534,0.71
White Women,0.0910670837678137,0.0,0.71
Asian Women,0.03981572885817703,-0.048296888451520574,0.715
Black Women,0.03351080488568744,-0.05460181242401017,0.715
Latina Women,0.031627576403695803,-0.0564850409060018,0.715
Other,0.051231463012748245,-0.03688115429694936,0.715
White Women,0.0881126173096976,0.0,0.715
Asian Women,0.039486673247778874,-0.04654043832677796,0.72
Black Women,0.03131850923896023,-0.05470860233559661,0.72
Latina Women,0.029495380241648897,-0.05653173133290794,0.72
Other,0.04891162952042321,-0.037115482054133626,0.72
White Women,0.08602711157455684,0.0,0.72
Asian Women,0.03586706153339914,-0.04772696001682678,0.725
Black Women,0.0278734732226746,-0.05572054832755133,0.725
Latina Women,0.026652452025586353,-0.05694156952463957,0.725
Other,0.045865493018818836,-0.03772852853140709,0.725
White Women,0.08359402155022592,0.0,0.725
Asian Women,0.03290556103981573,-0.048429162630674365,0.73
Black Women,0.025367992483557783,-0.05596673118693231,0.73
Latina Women,0.023809523809523808,-0.05752519986096628,0.73
Other,0.04399011360679907,-0.037344610063691025,0.73
White Women,0.08133472367049009,0.0,0.73
Asian Women,0.030931227377426786,-0.046232484822781764,0.735
Black Women,0.02348888192922017,-0.053674830270988384,0.735
Latina Women,0.023098791755508174,-0.054064920444700376,0.735
Other,0.04149683461972075,-0.0356668775804878,0.735
White Women,0.07716371220020855,0.0,0.735
Asian Women,0.028956893715037842,-0.044035807014889156,0.74
Black Women,0.022862511744440966,-0.05013018898548603,0.74
Latina Women,0.02061122956645345,-0.05238147116347355,0.74
Other,0.03964313589454514,-0.03334956483538186,0.74
White Women,0.072992700729927,0.0,0.74
Asian Women,0.02665350444225074,-0.04355852197415523,0.745
Black Women,0.02192295646727216,-0.04828906994913382,0.745
Latina Women,0.018834399431414357,-0.05137762698499162,0.745
Other,0.03700893244297979,-0.03320309397342618,0.745
White Women,0.07021202641640598,0.0,0.745
Asian Women,0.02566633761105627,-0.04280776735939906,0.75
Black Women,0.021609771374882555,-0.04686433359557278,0.75
Latina Women,0.018834399431414357,-0.04963970553904098,0.75
Other,0.035632208828375686,-0.03284189614207965,0.75
White Women,0.06847410497045534,0.0,0.75
Asian Women,0.02435011516946364,-0.040474354764495346,0.755
Black Women,0.021296586282492952,-0.04352788365146604,0.755
Latina Women,0.017768301350390904,-0.047056168583568085,0.755
Other,0.033453299800537684,-0.031371170133421306,0.755
White Women,0.06482446993395899,0.0,0.755
Asian Women,0.022704837117472853,-0.04038171137053549,0.76
Black Women,0.01973066082054494,-0.04335588766746341,0.76
Latina Women,0.017412935323383085,-0.04567361316462526,0.76
Other,0.03183808863064782,-0.03124845985736053,0.76
White Women,0.06308654848800835,0.0,0.76
Asian Women,0.022046725896676538,-0.03860673256700091,0.765
Black Women,0.01973066082054494,-0.0409227976431325,0.765
Latina Women,0.017412935323383085,-0.04324052314029436,0.765
Other,0.02981094441071893,-0.030842514052958514,0.765
White Women,0.060653458463677444,0.0,0.765
Asian Women,0.02171767028627838,-0.03719786673144841,0.77
Black Women,0.01973066082054494,-0.039184876197181855,0.77
Latina Women,0.016346837242359632,-0.04256869977536716,0.77
Other,0.028314977018471944,-0.030600559999254852,0.77
White Women,0.058915537017726796,0.0,0.77
Asian Women,0.019743336623889437,-0.03691290251410152,0.775
Black Women,0.019417475728155338,-0.037238763409835625,0.775
Latina Women,0.014214641080312722,-0.04244159805767824,0.775
Other,0.02654800104067297,-0.030108238097317993,0.775
White Women,0.05665623913799096,0.0,0.775
Asian Women,0.019085225403093122,-0.036180676578137325,0.78
Black Women,0.018791105543376135,-0.03647479643785431,0.78
Latina Women,0.014214641080312722,-0.04105126090091773,0.78
Other,0.025539849102419566,-0.029726052878810885,0.78
White Women,0.05526590198123045,0.0,0.78
Asian Women,0.017769002961500493,-0.0343686404170188,0.785
Black Women,0.018477920450986535,-0.033659722927532755,0.785
Latina Women,0.012437810945273632,-0.03969983243324566,0.785
Other,0.02369699072066603,-0.02844065265785326,0.785
White Women,0.05213764337851929,0.0,0.785
Asian Women,0.017439947351102335,-0.034176319593631765,0.79
Black Women,0.017538365173817728,-0.034077901770916366,0.79
Latina Women,0.010660980810234541,-0.04095528613449956,0.79
Other,0.022699679125834708,-0.02891658781889939,0.79
White Women,0.0516162669447341,0.0,0.79
Asian Women,0.016123724909509706,-0.03288565986629843,0.795
Black Women,0.01659880989664892,-0.032410574879159215,0.795
Latina Women,0.008884150675195452,-0.04012523410061268,0.795
Other,0.021247073107276037,-0.0277623116685321,0.795
White Women,0.049009384775808136,0.0,0.795
Asian Women,0.014807502467917079,-0.03211637657275028,0.8
Black Women,0.015659254619480114,-0.03126462442118724,0.8
Latina Women,0.008528784648187633,-0.03839509439247973,0.8
Other,0.020314803572977193,-0.026609075467690167,0.8
White Women,0.04692387904066736,0.0,0.8
Asian Women,0.01349128002632445,-0.03047813255622682,0.805
Black Women,0.015032884434700909,-0.02893652814785036,0.805
Latina Women,0.007462686567164179,-0.03650672601538709,0.805
Other,0.019089844766282196,-0.024879567816269075,0.805
White Women,0.04396941258255127,0.0,0.805
Asian Women,0.01349128002632445,-0.028566418965681108,0.81
Black Women,0.014406514249921704,-0.027651184742083855,0.81
Latina Women,0.006041222459132907,-0.036016476532872654,0.81
Other,0.018255138322782066,-0.023802560669223493,0.81
White Women,0.04205769899200556,0.0,0.81
Asian Women,0.012504113195129977,-0.026425327194164426,0.815
Black Women,0.013780144065142498,-0.025149296324151908,0.815
Latina Women,0.005685856432125089,-0.033243583957169316,0.815
Other,0.017084381233197467,-0.021845059156096937,0.815
White Women,0.038929440389294405,0.0,0.815
Asian Women,0.011516946363935505,-0.025500780434813193,0.82
Black Women,0.012840588787973693,-0.024177138010775007,0.82
Latina Women,0.005330490405117271,-0.03168723639363143,0.82
Other,0.016032867921255745,-0.020984858877492955,0.82
White Women,0.0370177267987487,0.0,0.82
Asian Women,0.010529779532741033,-0.024750025820057017,0.825
Black Women,0.011901033510804886,-0.023378771841993166,0.825
Latina Women,0.004975124378109453,-0.0303046809746886,0.825
Other,0.015317405255398492,-0.01996240009739956,0.825
White Women,0.03527980535279805,0.0,0.825
Asian Women,0.009213557091148404,-0.022590405369748365,0.83
Black Women,0.01096147823363608,-0.02084248422726069,0.83
Latina Women,0.0042643923240938165,-0.027539570136802954,0.83
Other,0.014330934003989246,-0.017473028456907524,0.83
White Women,0.03180396246089677,0.0,0.83
Asian Women,0.008555445870352089,-0.02151059514459404,0.835
Black Women,0.010648293141246476,-0.01941774787369965,0.835
Latina Women,0.0035536602700781805,-0.026512380744867947,0.835
Other,0.013626311681554072,-0.016439729333392054,0.835
White Women,0.030066041014946126,0.0,0.835
Asian Women,0.008226390259953932,-0.02097069003201687,0.84
Black Women,0.010648293141246476,-0.018548787150724326,0.84
Latina Women,0.0024875621890547263,-0.026709518102916077,0.84
Other,0.013019252449917614,-0.01617782784205319,0.84
White Women,0.029197080291970802,0.0,0.84
Asian Women,0.007897334649555774,-0.019214239907274257,0.845
Black Women,0.009708737864077669,-0.017402836692752364,0.845
Latina Women,0.0024875621890547263,-0.024624012367775307,0.845
Other,0.012206226693261643,-0.01490534786356839,0.845
White Women,0.027111574556830033,0.0,0.845
Asian Women,0.007239223428759461,-0.018482013971310055,0.85
Black Women,0.009395552771688067,-0.01632568462838145,0.85
Latina Women,0.0024875621890547263,-0.02323367521101479,0.85
Other,0.011707570895845981,-0.014013666504223535,0.85
White Women,0.025721237400069517,0.0,0.85
Asian Women,0.006581112207963146,-0.018618748758321178,0.855
Black Women,0.009082367679298466,-0.01611749328698586,0.855
Latina Women,0.0021321961620469083,-0.023067664804237414,0.855
Other,0.011035469603677045,-0.01416439136260728,0.855
White Women,0.025199860966284324,0.0,0.855
Asian Women,0.005593945376768674,-0.018563162721945265,0.86
Black Women,0.009082367679298466,-0.015074740419415474,0.86
Latina Women,0.0021321961620469083,-0.02202491193666703,0.86
Other,0.010623536553638019,-0.013533571545075921,0.86
White Women,0.02415710809871394,0.0,0.86
Asian Women,0.0052648897663705166,-0.016285336163417458,0.865
Black Women,0.008769182586908864,-0.012781043342879111,0.865
Latina Women,0.0017768301350390902,-0.019773395794748884,0.865
Other,0.00977798976671581,-0.011772236163072165,0.865
White Women,0.021550225929787975,0.0,0.865
Asian Women,0.004606778545574202,-0.01572690237204832,0.87
Black Women,0.008142812402129659,-0.012190868515492864,0.87
Latina Women,0.0017768301350390902,-0.018556850782583432,0.87
Other,0.009322695342988466,-0.011010985574634057,0.87
White Women,0.020333680917622523,0.0,0.87
Asian Women,0.004606778545574202,-0.013641396636907548,0.875
Black Women,0.007829627309740057,-0.010418547872741693,0.875
Latina Women,0.0007107320540156361,-0.017537443128466113,0.875
Other,0.00865059405081953,-0.00959758113166222,0.875
White Women,0.01824817518248175,0.0,0.875
Asian Women,0.003948667324777887,-0.013256754990133478,0.88
Black Women,0.007516442217350454,-0.00968898009756091,0.88
Latina Women,0.0007107320540156361,-0.016494690260895728,0.88
Other,0.008271182031046743,-0.008934240283864622,0.88
White Women,0.017205422314911366,0.0,0.88
Asian Women,0.003948667324777887,-0.012214002122563093,0.885
Black Women,0.007516442217350454,-0.008646227229990526,0.885
Latina Women,0.00035536602700781805,-0.015807303420333162,0.885
Other,0.007750845546786922,-0.008411823900554059,0.885
White Women,0.01616266944734098,0.0,0.885
Asian Women,0.0036196117143797303,-0.011152720576200734,0.89
Black Women,0.007516442217350454,-0.007255890073230011,0.89
Latina Women,0.00035536602700781805,-0.014416966263572646,0.89
Other,0.007328072153325817,-0.007444260137254648,0.89
White Women,0.014772332290580465,0.0,0.89
Asian Women,0.003290556103981573,-0.008874894017672929,0.895
Black Women,0.007516442217350454,-0.004649007904304048,0.895
Latina Women,0.00035536602700781805,-0.011810084094646685,0.895
Other,0.006959500476975111,-0.005205949644679391,0.895
White Women,0.012165450121654502,0.0,0.895
Asian Women,0.003290556103981573,-0.008874894017672929,0.9
Black Women,0.007203257124960852,-0.00496219299669365,0.9
Latina Women,0.00035536602700781805,-0.011810084094646685,0.9
Other,0.006666811204578961,-0.005498638917075541,0.9
White Women,0.012165450121654502,0.0,0.9
Asian Women,0.0029615004935834156,-0.008682573194285892,0.905
Black Women,0.006263701847792045,-0.005380371840077263,0.905
Latina Women,0.0,-0.011644073687869308,0.905
Other,0.006309079871650334,-0.005334993816218974,0.905
White Women,0.011644073687869308,0.0,0.905
Asian Women,0.0026324448831852583,-0.008664044515493921,0.91
Black Women,0.006263701847792045,-0.005032787550887135,0.91
Latina Women,0.0,-0.01129648939867918,0.91
Other,0.0061031133466308216,-0.005193376052048358,0.91
White Women,0.01129648939867918,0.0,0.91
Asian Women,0.0019743336623889436,-0.007758026434934657,0.915
Black Women,0.006263701847792045,-0.0034686582495315563,0.915
Latina Women,0.0,-0.009732360097323601,0.915
Other,0.005669499609747637,-0.004062860487575965,0.915
White Women,0.009732360097323601,0.0,0.915
Asian Women,0.0016452780519907865,-0.006001576310192043,0.92
Black Women,0.006263701847792045,-0.0013831525143907846,0.92
Latina Women,0.0,-0.0076468543621828295,0.92
Other,0.005420171711039806,-0.002226682651143024,0.92
White Women,0.0076468543621828295,0.0,0.92
Asian Women,0.0013162224415926291,-0.005635463342209943,0.925
Black Women,0.005950516755402443,-0.0010011690284001291,0.925
Latina Women,0.0,-0.006951685783802572,0.925
Other,0.005029919347844939,-0.001921766435957633,0.925
White Women,0.006951685783802572,0.0,0.925
Asian Women,0.0009871668311944718,-0.005616934663417971,0.93
Black Women,0.005637331663012841,-0.0009667698315996027,0.93
Latina Women,0.0,-0.006604101494612443,0.93
Other,0.0047480704188708695,-0.0018560310757415738,0.93
White Women,0.006604101494612443,0.0,0.93
Asian Women,0.0009871668311944718,-0.004400389651252522,0.935
Black Women,0.005010961478233636,-0.0003765950042133575,0.935
Latina Women,0.0,-0.005387556482446994,0.935
Other,0.004238574278033128,-0.0011489822044138658,0.935
White Women,0.005387556482446994,0.0,0.935
Asian Women,0.0006581112207963146,-0.0035129002494852287,0.94
Black Women,0.005010961478233636,0.0008399500079520929,0.94
Latina Women,0.0,-0.004171011470281543,0.94
Other,0.003880842945104501,-0.0002901685251770424,0.94
White Women,0.004171011470281543,0.0,0.94
Asian Women,0.0006581112207963146,-0.0031653159602951,0.945
Black Women,0.005010961478233636,0.0011875342971422215,0.945
Latina Women,0.0,-0.0038234271810914148,0.945
Other,0.0036640360766629085,-0.00015939110442850625,0.945
White Women,0.0038234271810914148,0.0,0.945
Asian Women,0.0003290556103981573,-0.003320579426098193,0.95
Black Women,0.004697776385844034,0.0010481413493476834,0.95
Latina Women,0.0,-0.0036496350364963502,0.95
Other,0.0034797502384875554,-0.00016988479800879482,0.95
White Women,0.0036496350364963502,0.0,0.95
Asian Women,0.0003290556103981573,-0.0024516187031228716,0.955
Black Women,0.004697776385844034,0.0019171020723230047,0.955
Latina Women,0.0,-0.002780674313521029,0.955
Other,0.0033063047437342816,0.0005256304302132526,0.955
White Women,0.002780674313521029,0.0,0.955
Asian Women,0.0003290556103981573,-0.002104034413932743,0.96
Black Women,0.004697776385844034,0.0022646863615131334,0.96
Latina Women,0.0,-0.0024330900243309003,0.96
Other,0.0030786575318706095,0.0006455675075397091,0.96
White Women,0.0024330900243309003,0.0,0.96
Asian Women,0.0,-0.0022592978797358358,0.965
Black Women,0.004697776385844034,0.002438478506108198,0.965
Latina Women,0.0,-0.0022592978797358358,0.965
Other,0.002731766542364062,0.00047246866262822635,0.965
White Women,0.0022592978797358358,0.0,0.965
Asian Women,0.0,-0.0015641293013555788,0.97
Black Women,0.004697776385844034,0.003133647084488455,0.97
Latina Women,0.0,-0.0015641293013555788,0.97
Other,0.0025474807041887086,0.0009833514028331298,0.97
White Women,0.0015641293013555788,0.0,0.97
Asian Women,0.0,-0.0010427528675703858,0.975
Black Women,0.004697776385844034,0.003655023518273648,0.975
Latina Women,0.0,-0.0010427528675703858,0.975
Other,0.0021572283409938427,0.0011144754734234569,0.975
White Women,0.0010427528675703858,0.0,0.975
Asian Women,0.0,-0.0005213764337851929,0.98
Black Women,0.004384591293454432,0.003863214859669239,0.98
Latina Women,0.0,-0.0005213764337851929,0.98
Other,0.0019621021593964096,0.0014407257256112166,0.98
White Women,0.0005213764337851929,0.0,0.98
Asian Women,0.0,-0.0005213764337851929,0.985
Black Women,0.0031318509238960224,0.0026104744901108293,0.985
Latina Women,0.0,-0.0005213764337851929,0.985
Other,0.0015718497962015437,0.0010504733624163507,0.985
White Women,0.0005213764337851929,0.0,0.985
Asian Women,0.0,-0.0003475842891901286,0.99
Black Women,0.002192295646727216,0.0018447113575370874,0.99
Latina Women,0.0,-0.0003475842891901286,0.99
Other,0.0013442025843378718,0.0009966182951477432,0.99
White Women,0.0003475842891901286,0.0,0.99
Asian Women,0.0,-0.0001737921445950643,0.995
Black Women,0.001252740369558409,0.0010789482249633448,0.995
Latina Women,0.0,-0.0001737921445950643,0.995
Other,0.000867227473766369,0.0006934353291713046,0.995
White Women,0.0001737921445950643,0.0,0.995
Asian Women,0.0,0.0,1.0
Black Women,0.00031318509238960227,0.00031318509238960227,1.0
Latina Women,0.0,0.0,1.0
Other,0.00048781545399358253,0.00048781545399358253,1.0
White Women,0.0,0.0,1.0
