category,race_ethnicity,count,share_in_category,global_group_share,repr_ratio,log2_rr
amateur,middle_eastern_north_african,876,0.006,0.004,1.583,0.663
amateur,latina,11364,0.075,0.058,1.285,0.362
amateur,black,8792,0.058,0.046,1.263,0.337
amateur,unknown,92760,0.611,0.521,1.173,0.23
amateur,asian,9385,0.062,0.088,0.706,-0.503
amateur,white,16728,0.11,0.165,0.668,-0.581
amateur,mixed_or_other,11995,0.079,0.119,0.662,-0.594
anal,middle_eastern_north_african,279,0.006,0.004,1.555,0.637
anal,white,9990,0.202,0.165,1.228,0.296
anal,mixed_or_other,6631,0.134,0.119,1.127,0.172
anal,latina,3058,0.062,0.058,1.064,0.09
anal,unknown,25679,0.52,0.521,0.999,-0.002
anal,black,1566,0.032,0.046,0.693,-0.53
anal,asian,2168,0.044,0.088,0.502,-0.995
asian,asian,37925,0.828,0.088,9.45,3.24
asian,mixed_or_other,7895,0.172,0.119,1.445,0.531
big,middle_eastern_north_african,162,0.012,0.004,3.348,1.743
big,latina,1980,0.148,0.058,2.548,1.35
big,unknown,8921,0.668,0.521,1.283,0.36
big,black,713,0.053,0.046,1.167,0.223
big,mixed_or_other,652,0.049,0.119,0.41,-1.285
big,white,733,0.055,0.165,0.334,-1.584
big,asian,184,0.014,0.088,0.158,-2.66
big tits,middle_eastern_north_african,754,0.005,0.004,1.302,0.38
big tits,latina,11241,0.071,0.058,1.214,0.28
big tits,unknown,87013,0.547,0.521,1.05,0.071
big tits,white,26994,0.17,0.165,1.03,0.043
big tits,black,6884,0.043,0.046,0.945,-0.082
big tits,mixed_or_other,17166,0.108,0.119,0.905,-0.144
big tits,asian,9021,0.057,0.088,0.648,-0.627
blonde,white,32387,0.289,0.165,1.757,0.813
blonde,unknown,63255,0.565,0.521,1.085,0.118
blonde,mixed_or_other,10909,0.097,0.119,0.818,-0.29
blonde,latina,2712,0.024,0.058,0.416,-1.264
blonde,middle_eastern_north_african,157,0.001,0.004,0.387,-1.369
blonde,black,1450,0.013,0.046,0.283,-1.821
blonde,asian,1029,0.009,0.088,0.105,-3.25
blowjob,white,41958,0.206,0.165,1.25,0.321
blowjob,mixed_or_other,26203,0.129,0.119,1.079,0.109
blowjob,asian,18959,0.093,0.088,1.062,0.087
blowjob,latina,12252,0.06,0.058,1.033,0.046
blowjob,unknown,95842,0.47,0.521,0.903,-0.147
blowjob,black,7954,0.039,0.046,0.852,-0.231
blowjob,middle_eastern_north_african,613,0.003,0.004,0.826,-0.275
bondage,middle_eastern_north_african,64,0.005,0.004,1.447,0.534
bondage,unknown,7997,0.65,0.521,1.247,0.319
bondage,asian,1130,0.092,0.088,1.049,0.069
bondage,white,1677,0.136,0.165,0.827,-0.274
bondage,black,427,0.035,0.046,0.759,-0.399
bondage,latina,391,0.032,0.058,0.547,-0.871
bondage,mixed_or_other,622,0.051,0.119,0.424,-1.237
brunette,latina,5199,0.078,0.058,1.332,0.413
brunette,unknown,41704,0.622,0.521,1.194,0.256
brunette,middle_eastern_north_african,284,0.004,0.004,1.165,0.221
brunette,mixed_or_other,6461,0.096,0.119,0.808,-0.307
brunette,asian,4174,0.062,0.088,0.711,-0.493
brunette,white,7338,0.109,0.165,0.664,-0.59
brunette,black,1902,0.028,0.046,0.619,-0.691
cartoon,unknown,7587,0.898,0.521,1.723,0.785
cartoon,black,158,0.019,0.046,0.41,-1.285
cartoon,asian,271,0.032,0.088,0.367,-1.445
cartoon,mixed_or_other,327,0.039,0.119,0.325,-1.62
cartoon,middle_eastern_north_african,6,0.001,0.004,0.227,-2.139
cartoon,latina,46,0.005,0.058,0.095,-3.389
cartoon,white,54,0.006,0.165,0.039,-4.663
creampie,asian,8565,0.162,0.088,1.853,0.89
creampie,middle_eastern_north_african,302,0.006,0.004,1.574,0.654
creampie,latina,3757,0.071,0.058,1.223,0.29
creampie,unknown,28636,0.543,0.521,1.042,0.059
creampie,mixed_or_other,5968,0.113,0.119,0.948,-0.076
creampie,black,2259,0.043,0.046,0.934,-0.098
creampie,white,3298,0.062,0.165,0.379,-1.399
cumshot,latina,5860,0.069,0.058,1.189,0.25
cumshot,unknown,50802,0.6,0.521,1.152,0.205
cumshot,black,3339,0.039,0.046,0.861,-0.216
cumshot,mixed_or_other,8684,0.103,0.119,0.861,-0.217
cumshot,middle_eastern_north_african,261,0.003,0.004,0.849,-0.237
cumshot,white,10409,0.123,0.165,0.746,-0.422
cumshot,asian,5288,0.062,0.088,0.713,-0.487
ebony,black,13457,0.674,0.046,14.711,3.879
ebony,mixed_or_other,6502,0.326,0.119,2.732,1.45
feet,middle_eastern_north_african,106,0.006,0.004,1.692,0.759
feet,unknown,11705,0.675,0.521,1.296,0.374
feet,black,984,0.057,0.046,1.24,0.31
feet,latina,788,0.045,0.058,0.781,-0.356
feet,white,1743,0.101,0.165,0.61,-0.712
feet,asian,855,0.049,0.088,0.564,-0.827
feet,mixed_or_other,1154,0.067,0.119,0.559,-0.84
fetish,unknown,36540,0.701,0.521,1.345,0.428
fetish,black,2194,0.042,0.046,0.918,-0.123
fetish,latina,2673,0.051,0.058,0.881,-0.184
fetish,middle_eastern_north_african,166,0.003,0.004,0.878,-0.188
fetish,white,5579,0.107,0.165,0.649,-0.623
fetish,asian,2152,0.041,0.088,0.471,-1.085
fetish,mixed_or_other,2849,0.055,0.119,0.458,-1.126
french,middle_eastern_north_african,153,0.021,0.004,5.742,2.522
french,unknown,5851,0.796,0.521,1.528,0.612
french,black,218,0.03,0.046,0.65,-0.622
french,mixed_or_other,376,0.051,0.119,0.43,-1.218
french,white,518,0.07,0.165,0.428,-1.223
french,latina,131,0.018,0.058,0.308,-1.698
french,asian,101,0.014,0.088,0.158,-2.659
gangbang,asian,1383,0.191,0.088,2.184,1.127
gangbang,mixed_or_other,1677,0.232,0.119,1.945,0.96
gangbang,white,1591,0.22,0.165,1.335,0.417
gangbang,black,252,0.035,0.046,0.763,-0.39
gangbang,middle_eastern_north_african,17,0.002,0.004,0.682,-0.552
gangbang,unknown,2137,0.296,0.521,0.567,-0.818
gangbang,latina,173,0.024,0.058,0.413,-1.276
group,white,5414,0.458,0.165,2.776,1.473
group,asian,2509,0.212,0.088,2.421,1.275
group,mixed_or_other,1984,0.168,0.119,1.406,0.492
group,black,300,0.025,0.046,0.555,-0.85
group,latina,236,0.02,0.058,0.344,-1.54
group,unknown,1386,0.117,0.521,0.225,-2.152
group,middle_eastern_north_african,4,0.0,0.004,0.116,-3.11
interracial,mixed_or_other,32363,1.0,0.119,8.387,3.068
lesbian,white,8941,0.292,0.165,1.769,0.823
lesbian,unknown,16569,0.54,0.521,1.037,0.053
lesbian,mixed_or_other,2635,0.086,0.119,0.721,-0.472
lesbian,black,907,0.03,0.046,0.646,-0.63
lesbian,latina,872,0.028,0.058,0.489,-1.033
lesbian,asian,739,0.024,0.088,0.275,-1.86
lesbian,middle_eastern_north_african,6,0.0,0.004,0.063,-3.998
lingerie,white,4561,0.63,0.165,3.821,1.934
lingerie,mixed_or_other,935,0.129,0.119,1.083,0.116
lingerie,asian,478,0.066,0.088,0.755,-0.406
lingerie,latina,289,0.04,0.058,0.687,-0.541
lingerie,black,191,0.026,0.046,0.578,-0.79
lingerie,unknown,782,0.108,0.521,0.207,-2.269
lingerie,middle_eastern_north_african,4,0.001,0.004,0.189,-2.402
massage,unknown,7700,0.572,0.521,1.098,0.135
massage,middle_eastern_north_african,47,0.003,0.004,0.978,-0.033
massage,mixed_or_other,1502,0.112,0.119,0.936,-0.095
massage,white,2053,0.153,0.165,0.926,-0.111
massage,latina,717,0.053,0.058,0.916,-0.127
massage,black,503,0.037,0.046,0.817,-0.292
massage,asian,935,0.069,0.088,0.794,-0.333
masturbation,white,35828,0.287,0.165,1.744,0.803
masturbation,latina,7075,0.057,0.058,0.975,-0.037
masturbation,asian,10228,0.082,0.088,0.937,-0.094
masturbation,black,5278,0.042,0.046,0.924,-0.114
masturbation,unknown,58697,0.471,0.521,0.904,-0.145
masturbation,middle_eastern_north_african,337,0.003,0.004,0.743,-0.428
masturbation,mixed_or_other,7224,0.058,0.119,0.486,-1.041
mature,middle_eastern_north_african,95,0.005,0.004,1.266,0.34
mature,unknown,12947,0.623,0.521,1.196,0.258
mature,latina,1228,0.059,0.058,1.015,0.022
mature,mixed_or_other,2483,0.119,0.119,1.002,0.003
mature,black,835,0.04,0.046,0.878,-0.188
mature,white,2348,0.113,0.165,0.686,-0.544
mature,asian,849,0.041,0.088,0.467,-1.099
pissing,unknown,6246,0.699,0.521,1.342,0.425
pissing,white,1601,0.179,0.165,1.088,0.121
pissing,black,257,0.029,0.046,0.63,-0.667
pissing,middle_eastern_north_african,16,0.002,0.004,0.522,-0.939
pissing,latina,222,0.025,0.058,0.429,-1.222
pissing,asian,291,0.033,0.088,0.373,-1.423
pissing,mixed_or_other,298,0.033,0.119,0.281,-1.833
public,latina,1827,0.082,0.058,1.414,0.5
public,unknown,14242,0.642,0.521,1.232,0.301
public,middle_eastern_north_african,90,0.004,0.004,1.124,0.168
public,black,952,0.043,0.046,0.937,-0.094
public,white,2870,0.129,0.165,0.785,-0.35
public,mixed_or_other,1372,0.062,0.119,0.519,-0.947
public,asian,846,0.038,0.088,0.436,-1.199
solo male,black,650,0.086,0.046,1.877,0.908
solo male,middle_eastern_north_african,44,0.006,0.004,1.63,0.705
solo male,unknown,5587,0.739,0.521,1.418,0.503
solo male,latina,297,0.039,0.058,0.676,-0.565
solo male,asian,377,0.05,0.088,0.57,-0.811
solo male,mixed_or_other,369,0.049,0.119,0.41,-1.286
solo male,white,239,0.032,0.165,0.192,-2.378
squirting,black,1641,0.077,0.046,1.689,0.756
squirting,latina,1721,0.081,0.058,1.394,0.479
squirting,unknown,12845,0.606,0.521,1.162,0.217
squirting,asian,1817,0.086,0.088,0.978,-0.032
squirting,middle_eastern_north_african,55,0.003,0.004,0.724,-0.467
squirting,mixed_or_other,1564,0.074,0.119,0.619,-0.693
squirting,white,1570,0.074,0.165,0.449,-1.154
teens,latina,8856,0.077,0.058,1.322,0.402
teens,unknown,65552,0.569,0.521,1.094,0.129
teens,white,19007,0.165,0.165,1.002,0.003
teens,middle_eastern_north_african,386,0.003,0.004,0.922,-0.117
teens,asian,8999,0.078,0.088,0.893,-0.164
teens,black,3665,0.032,0.046,0.695,-0.525
teens,mixed_or_other,8641,0.075,0.119,0.63,-0.667
tits,middle_eastern_north_african,163,0.012,0.004,3.321,1.732
tits,latina,2016,0.149,0.058,2.558,1.355
tits,unknown,9044,0.668,0.521,1.283,0.359
tits,black,724,0.053,0.046,1.168,0.225
tits,mixed_or_other,664,0.049,0.119,0.412,-1.28
tits,white,738,0.055,0.165,0.331,-1.594
tits,asian,186,0.014,0.088,0.158,-2.665
